day,snow_depth
0,0.0
1,0.0
2,20.0
3,40.0
4,60.0
5,60.0
6,58.888888888888886
7,57.77777777777778
8,56.666666666666664
9,55.55555555555556
10,54.44444444444444
11,53.333333333333336
12,52.22222222222222
13,51.111111111111114
14,50.0
15,50.0
16,44.44444444444444
17,38.888888888888886
18,33.333333333333336
19,27.77777777777778
20,22.22222222222222
21,16.66666666666667
22,11.111111111111114
23,5.555555555555557
24,0.0
